time, amplitude, 
0,0.73904, 
0.02441,1.2372, 
0.04883,1.0019, 
0.07324,0.50924, 
0.09766,-0.603, 
0.12207,-1.6674, 
0.14648,-1.5332, 
0.1709,-0.85486, 
0.19531,0.3971, 
0.21973,1.3604, 
0.24414,1.8384, 
0.26855,1.7446, 
0.29297,0.73904, 
0.31738,-0.69308, 
0.3418,-1.6969, 
0.36621,-1.6215, 
0.39063,-0.97252, 
0.41504,-0.07721, 
0.43945,0.78132, 
0.46387,1.2281, 
0.48828,1.0718, 
0.5127,0.29782, 
0.53711,-0.24267, 
0.56152,-0.30334, 
0.58594,-0.02574, 
0.61035,0.05883, 
0.63477,0.24819, 
0.65918,0.12869, 
0.68359,-0.32172, 
0.70801,-0.87692, 
0.73242,-0.98906, 
0.75684,-0.71698, 
0.78125,-0.31069, 
0.80566,-0.01287, 
0.83008,0.0239, 
0.85449,-0.09192, 
0.87891,-0.16546, 
0.90332,-0.21693, 
0.92773,0.04044, 
0.95215,0.75375, 
0.97656,1.2887, 
1.001,1.2593, 
1.0254,0.9523, 
1.0498,0.47615, 
1.0742,0.03125, 
1.0986,-0.06618, 
1.123,0.13788, 
1.1475,0.6269, 
1.1719,0.88979, 
1.1963,0.6508, 
1.2207,0.07354, 
1.2451,-0.22612, 
1.2695,-0.36584, 
1.2939,-0.31804, 
1.3184,-0.14523, 
1.3428,0.16913, 
1.3672,0.38974, 
1.3916,0.27944, 
1.416,-0.01287, 
1.4404,-0.27025, 
1.4648,-0.43019, 
1.4893,-0.51475, 
1.5137,-0.56439, 
1.5381,-0.53498, 
1.5625,-0.61587, 
1.5869,-0.43938, 
1.6113,-0.35665, 
1.6357,-0.28679, 
1.6602,-0.11398, 
1.6846,-0.09192, 
1.709,-0.10111, 
1.7334,-0.02206, 
1.7578,-0.01655, 
1.7822,-0.06251, 
1.8066,-0.07905, 
1.8311,0.12133, 
1.8555,0.39893, 
1.8799,0.3732, 
1.9043,0.14891, 
1.9287,-0.05148, 
1.9531,-0.13237, 
1.9775,-0.25922, 
2.002,-0.31437, 
2.0264,-0.2537, 
2.0508,-0.02758, 
2.0752,0.21877, 
2.0996,0.29415, 
2.124,0.17097, 
2.1484,0.06618, 
2.1729,-0.17281, 
2.1973,-0.29966, 
2.2217,-0.27392, 
2.2461,-0.03493, 
2.2705,0.30518, 
2.2949,0.53314, 
2.3193,0.67653, 
2.3438,0.60484, 
2.3682,0.27208, 
2.3926,-0.35114, 
2.417,-0.88427, 
2.4414,-1.0166, 
2.4658,-1.0332, 
2.4902,-0.785, 
2.5146,-0.4596, 
2.5391,0.03493, 
2.5635,0.36584, 
2.5879,0.34011, 
2.6123,0.03125, 
2.6367,-0.49269, 
2.6611,-0.59748, 
2.6855,-0.47431, 
2.71,-0.29782, 
2.7344,0.23715, 
2.7588,0.82361, 
2.7832,1.0222, 
2.8076,0.86038, 
2.832,0.56255, 
2.8564,0.09008, 
2.8809,-0.47431, 
2.9053,-0.77949, 
2.9297,-0.69308, 
2.9541,-0.47799, 
2.9785,-0.41732, 
3.0029,-0.29782, 
3.0273,-0.12869, 
3.0518,-0.03677, 
3.0762,-0.01471, 
3.1006,-0.1581, 
3.125,-0.31804, 
3.1494,-0.46512, 
3.1738,-0.63241, 
3.1982,-0.74088, 
3.2227,-0.9523, 
3.2471,-1.0019, 
3.2715,-0.74272, 
3.2959,-0.43203, 
3.3203,-0.3971, 
3.3447,-0.35297, 
3.3691,-0.54233, 
3.3936,-0.76662, 
3.418,-0.80522, 
3.4424,-0.69492, 
3.4668,-0.43019, 
3.4912,-0.20222, 
3.5156,0.07905, 
3.54,0.26657, 
3.5645,0.33275, 
3.5889,0.34011, 
3.6133,0.19671, 
3.6377,0.05148, 
3.6621,-0.01655, 
3.6865,-0.00919, 
3.7109,0.00368, 
3.7354,0.0478, 
3.7598,0.05515, 
3.7842,0.09008, 
3.8086,0.13604, 
3.833,0.14891, 
3.8574,0.10847, 
3.8818,-0.00368, 
3.9063,-0.00368, 
3.9307,0.05148, 
3.9551,0.12869, 
3.9795,0.17097, 
4.0039,0.182, 
4.0283,0.16546, 
4.0527,0.09376, 
4.0771,-0.06434, 
4.1016,-0.16362, 
4.126,-0.23532, 
4.1504,-0.09192, 
4.1748,0.09376, 
4.1992,0.22796, 
4.2236,0.15443, 
4.248,0.11398, 
4.2725,0.10111, 
4.2969,0.06618, 
4.3213,0.01838, 
4.3457,-0.06067, 
4.3701,0.13053, 
4.3945,0.25922, 
4.4189,0.27208, 
4.4434,0.28495, 
4.4678,0.36952, 
4.4922,0.41732, 
4.5166,0.57726, 
4.541,0.53865, 
4.5654,0.4357, 
4.5898,0.38423, 
4.6143,0.25922, 
4.6387,0.10111, 
4.6631,-0.05515, 
4.6875,-0.08089, 
4.7119,-0.08641, 
4.7363,-0.00368, 
4.7607,0.21509, 
4.7852,0.1342, 
4.8096,-0.10847, 
4.834,-0.31069, 
4.8584,-0.43203, 
4.8828,-0.41548, 
4.9072,-0.40997, 
4.9316,-0.22796, 
4.9561,-0.08273, 
4.9805,0.05148, 
5.0049,-0.02206, 
5.0293,-0.13237, 
5.0537,-0.18936, 
5.0781,-0.24267, 
5.1025,-0.25922, 
5.127,-0.18752, 
5.1514,-0.11398, 
5.1758,-0.07721, 
5.2002,-0.21326, 
5.2246,-0.40261, 
5.249,-0.38055, 
5.2734,-0.3015, 
5.2979,-0.12501, 
5.3223,-0.02206, 
5.3467,0.09744, 
5.3711,0.23532, 
5.3955,0.22429, 
5.4199,0.17649, 
5.4443,0.06618, 
5.4688,-0.14707, 
5.4932,-0.21877, 
5.5176,-0.22245, 
5.542,-0.31253, 
5.5664,-0.44857, 
5.5908,-0.51475, 
5.6152,-0.47431, 
5.6396,-0.5791, 
5.6641,-0.65631, 
5.6885,-0.73169, 
5.7129,-0.83831, 
5.7373,-0.87324, 
5.7617,-0.91369, 
5.7861,-0.84751, 
5.8105,-0.68573, 
5.835,-0.47799, 
5.8594,-0.30701, 
5.8838,-0.20406, 
5.9082,-0.1673, 
5.9326,-0.18384, 
5.957,-0.21693, 
5.9814,-0.32724, 
6.0059,-0.32724, 
6.0303,-0.19855, 
6.0547,-0.16913, 
6.0791,-0.0956, 
6.1035,0.01103, 
6.1279,0.09008, 
6.1523,0.20406, 
6.1768,0.13053, 
6.2012,0.03125, 
6.2256,-0.05148, 
6.25,-0.26841, 
6.2744,-0.26289, 
6.2988,-0.2298, 
6.3232,-0.17649, 
6.3477,-0.19487, 
6.3721,-0.2059, 
6.3965,-0.07537, 
6.4209,-0.06986, 
6.4453,-0.16913, 
6.4697,-0.24635, 
6.4941,-0.27208, 
6.5186,-0.38239, 
6.543,-0.45041, 
6.5674,-0.32724, 
6.5918,-0.14707, 
6.6162,-0.13972, 
6.6406,-0.09927, 
6.665,-0.07721, 
6.6895,-0.11398, 
6.7139,-0.18936, 
6.7383,-0.23164, 
6.7627,-0.23899, 
6.7871,-0.29415, 
6.8115,-0.24083, 
6.8359,-0.10847, 
6.8604,-0.00919, 
6.8848,0.01103, 
6.9092,-0.07354, 
6.9336,-0.0956, 
6.958,-0.03861, 
6.9824,0.08641, 
7.0068,0.27944, 
7.0313,0.42835, 
7.0557,0.55888, 
7.0801,0.61771, 
7.1045,0.48534, 
7.1289,0.42651, 
7.1533,0.27392, 
7.1777,0.13788, 
7.2021,0.04412, 
7.2266,-0.03309, 
7.251,0.07721, 
7.2754,0.36584, 
7.2998,0.72985, 
7.3242,0.84934, 
7.3486,0.84199, 
7.373,0.3015, 
7.3975,-0.3971, 
7.4219,-0.12685, 
7.4463,-0.54049, 
7.4707,-0.32356, 
7.4951,0.17649, 
7.5195,0.72066, 
7.5439,0.87141, 
7.5684,0.09008, 
7.5928,-0.48166, 
7.6172,-1.0277, 
7.6416,-1.4542, 
7.666,-1.0994, 
7.6904,-0.6747, 
7.7148,-0.16178, 
7.7393,0.58829, 
7.7637,1.1306, 
7.7881,1.4284, 
7.8125,1.1729, 
7.8369,0.45041, 
7.8613,-0.02206, 
7.8857,-0.42651, 
7.9102,-0.4118, 
7.9346,-0.22796, 
7.959,0.18568, 
7.9834,0.83096, 
8.0078,0.98539, 
8.0322,0.6508, 
8.0566,-0.35665, 
8.0811,-1.2979, 
8.1055,-1.9708, 
8.1299,-1.7446, 
8.1543,-0.64896, 
8.1787,0.44489, 
8.2031,1.4082, 
8.2275,1.752, 
8.252,1.2942, 
8.2764,0.06067, 
8.3008,-1.4799, 
8.3252,-2.3348, 
8.3496,-2.219, 
8.374,-1.4395, 
8.3984,-0.26657, 
8.4229,0.69124, 
8.4473,0.76478, 
8.4717,0.16178, 
8.4961,-0.72249, 
8.5205,-1.3163, 
8.5449,-1.3108, 
8.5693,-0.87876, 
8.5938,-0.01471, 
8.6182,0.69308, 
8.6426,1.0148, 
8.667,0.81625, 
8.6914,0.09192, 
8.7158,-0.66183, 
8.7402,-0.97619, 
8.7646,-0.75007, 
8.7891,-0.32356, 
8.8135,0.21693, 
8.8379,0.53314, 
8.8623,0.26105, 
8.8867,-0.19671, 
8.9111,-0.59564, 
8.9355,-0.6747, 
8.96,-0.31253, 
8.9844,-0.01655, 
9.0088,0.27025, 
9.0332,0.34562, 
9.0576,0.05331, 
9.082,-0.50005, 
9.1064,-0.85302, 
9.1309,-0.91553, 
9.1553,-0.72801, 
9.1797,-0.18384, 
9.2041,0.41732, 
9.2285,0.92472, 
9.2529,1.0939, 
9.2773,0.68573, 
9.3018,0.13972, 
9.3262,-0.26473, 
9.3506,-0.42651, 
9.375,-0.45041, 
9.3994,-0.2059, 
9.4238,0.24451, 
9.4482,0.61219, 
9.4727,0.68756, 
9.4971,0.4357, 
9.5215,-0.03125, 
9.5459,-0.31069, 
9.5703,-0.46512, 
9.5947,-0.47431, 
9.6191,-0.25186, 
9.6436,0.09744, 
9.668,0.42835, 
9.6924,0.56255, 
9.7168,0.58829, 
9.7412,0.48902, 
9.7656,0.29598, 
9.79,0.03677, 
9.8145,-0.08457, 
9.8389,-0.13788, 
9.8633,-0.16178, 
9.8877,-0.29231, 
9.9121,-0.42283, 
9.9365,-0.27392, 
9.9609,-0.08273, 
9.9854,0.06067, 
10.01,0.00552, 
10.034,-0.08089, 
10.059,-0.2776, 
10.083,-0.68389, 
10.107,-0.98171, 
10.132,-0.98723, 
10.156,-0.82361, 
10.181,-0.64896, 
10.205,-0.41548, 
10.229,-0.17649, 
10.254,0.01838, 
10.278,0.01103, 
10.303,-0.11398, 
10.327,-0.11398, 
10.352,-0.00184, 
10.376,0.02758, 
10.4,0.07721, 
10.425,0.19303, 
10.449,0.10295, 
10.474,-0.05883, 
10.498,-0.18936, 
10.522,-0.2537, 
10.547,-0.10847, 
10.571,-0.1195, 
10.596,0.01103, 
10.62,-0.13788, 
10.645,-0.16362, 
10.669,-0.11214, 
10.693,-0.12133, 
10.718,-0.06067, 
10.742,-0.07537, 
10.767,-0.10479, 
10.791,-0.01838, 
10.815,-0.03125, 
10.84,-0.04228, 
10.864,-0.10479, 
10.889,-0.02758, 
10.913,0.03125, 
10.938,0.08089, 
10.962,0.13788, 
10.986,-0.01103, 
11.011,-0.18016, 
11.035,-0.3493, 
11.06,-0.31253, 
11.084,-0.06434, 
11.108,0.20406, 
11.133,0.25922, 
11.157,0.40629, 
11.182,0.5552, 
11.206,0.34562, 
11.23,-0.07354, 
11.255,-0.36952, 
11.279,-0.52395, 
11.304,-0.57358, 
11.328,-0.34746, 
11.353,-0.12133, 
11.377,0.0239, 
11.401,0.08457, 
11.426,-0.03493, 
11.45,-0.22061, 
11.475,-0.31988, 
11.499,-0.33091, 
11.523,-0.23348, 
11.548,-0.01471, 
11.572,0.2059, 
11.597,0.29415, 
11.621,0.23715, 
11.646,0.12501, 
11.67,0.05148, 
11.694,-0.02574, 
11.719,-0.06434, 
11.743,-0.01471, 
11.768,0.00735, 
11.792,-0.04964, 
11.816,-0.1195, 
11.841,-0.29047, 
11.865,-0.53682, 
11.89,-0.7133, 
11.914,-0.75926, 
11.938,-0.68573, 
11.963,-0.53498, 
11.987,-0.34562, 
12.012,-0.21877, 
12.036,-0.13053, 
12.061,-0.02941, 
12.085,-0.05515, 
12.109,-0.24635, 
12.134,-0.27576, 
12.158,-0.28128, 
12.183,-0.18752, 
12.207,-0.10295, 
12.231,-0.10663, 
12.256,-0.06986, 
12.28,-0.00735, 
12.305,0.1342, 
12.329,0.18384, 
12.354,0.15075, 
12.378,0.2059, 
12.402,0.16546, 
12.427,0.08089, 
12.451,-0.10295, 
12.476,-0.20958, 
12.5,-0.24267, 
12.524,-0.29047, 
12.549,-0.16913, 
12.573,-0.04412, 
12.598,-0.09376, 
12.622,-0.1673, 
12.646,-0.28495, 
12.671,-0.24451, 
12.695,-0.18752, 
12.72,-0.09927, 
12.744,0.08824, 
12.769,0.3015, 
12.793,0.54968, 
12.817,0.57174, 
12.842,0.37687, 
12.866,0.36033, 
12.891,0.34562, 
12.915,0.26841, 
12.939,0.28863, 
12.964,0.25002, 
12.988,0.14891, 
13.013,-0.10295, 
13.037,-0.16546, 
13.062,-0.12685, 
13.086,-0.1195, 
13.11,-0.06802, 
13.135,0.12133, 
13.159,0.22796, 
13.184,0.22796, 
13.208,0.15443, 
13.232,0.02206, 
13.257,-0.04412, 
13.281,0.02574, 
13.306,0.07537, 
13.33,0.03309, 
13.354,0.13237, 
13.379,0.18568, 
13.403,0.20958, 
13.428,0.22796, 
13.452,0.29966, 
13.477,0.35297, 
13.501,0.33827, 
13.525,0.36952, 
13.55,0.30334, 
13.574,0.13053, 
13.599,-0.13788, 
13.623,-0.28311, 
13.647,-0.42283, 
13.672,-0.50005, 
13.696,-0.53865, 
13.721,-0.39526, 
13.745,-0.40261, 
13.77,-0.40077, 
13.794,-0.3971, 
13.818,-0.40445, 
13.843,-0.40813, 
13.867,-0.44857, 
13.892,-0.43019, 
13.916,-0.30885, 
13.94,-0.24083, 
13.965,-0.1342, 
13.989,-0.08089, 
14.014,-0.04228, 
14.038,0.15259, 
14.063,0.16913, 
14.087,0.10479, 
14.111,-0.08641, 
14.136,-0.19671, 
14.16,-0.24451, 
14.185,-0.31437, 
14.209,-0.21326, 
14.233,-0.02206, 
14.258,0.12501, 
14.282,0.18384, 
14.307,0.182, 
14.331,0.06802, 
14.355,-0.15626, 
14.38,-0.3015, 
14.404,-0.28495, 
14.429,-0.29047, 
14.453,-0.421, 
14.478,-0.45593, 
14.502,-0.27208, 
14.526,-0.10663, 
14.551,-0.09744, 
14.575,-0.17097, 
14.6,-0.25738, 
14.624,-0.31253, 
14.648,-0.36584, 
14.673,-0.43019, 
14.697,-0.47615, 
14.722,-0.52762, 
14.746,-0.59564, 
14.771,-0.63425, 
14.795,-0.68205, 
14.819,-0.77949, 
14.844,-0.61403, 
14.868,-0.49086, 
14.893,0.19119, 
14.917,0.37136, 
14.941,0.79603, 
14.966,0.86773, 
14.99,1.0332, 
15.015,1.6601, 
15.039,1.8458, 
15.063,1.1141, 
15.088,-0.19671, 
15.112,-0.95413, 
15.137,-1.0461, 
15.161,-1.3898, 
15.186,-0.6416, 
15.21,0.75375, 
15.234,1.6472, 
15.259,1.7336, 
15.283,1.1049, 
15.308,0.1673, 
15.332,-0.93207, 
15.356,-1.4045, 
15.381,-1.1067, 
15.405,0.26105, 
15.43,1.6877, 
15.454,2.3127, 
15.479,2.4138, 
15.503,1.5553, 
15.527,0.15259, 
15.552,-1.4873, 
15.576,-2.2925, 
15.601,-1.9285, 
15.625,-1.0902, 
15.649,0.03861, 
15.674,0.94678, 
15.698,1.1343, 
15.723,0.54233, 
15.747,-0.55888, 
15.771,-1.3604, 
15.796,-1.3237, 
15.82,-0.77581, 
15.845,0.3493, 
15.869,1.4762, 
15.894,1.9303, 
15.918,1.6895, 
15.942,0.82177, 
15.967,-0.32356, 
15.991,-1.1931, 
16.016,-1.1674, 
16.04,-0.4835, 
16.064,0.28128, 
16.089,0.60484, 
16.113,0.56439, 
16.138,0.24819, 
16.162,-0.30518, 
16.187,-0.72249, 
16.211,-1.07, 
16.235,-0.71146, 
16.26,-0.13604, 
16.284,0.3879, 
16.309,0.78132, 
16.333,0.60667, 
16.357,0.17649, 
16.382,-0.32908, 
16.406,-0.77949, 
16.431,-0.84383, 
16.455,-0.68389, 
16.479,-0.3971, 
16.504,-0.2776, 
16.528,-0.18752, 
16.553,-0.44489, 
16.577,-0.70595, 
16.602,-0.59932, 
16.626,-0.38974, 
16.65,-0.06251, 
16.675,0.21142, 
16.699,0.42835, 
16.724,0.49269, 
16.748,0.19855, 
16.772,-0.0717, 
16.797,-0.35114, 
16.821,-0.28863, 
16.846,0.14156, 
16.87,0.49821, 
16.895,0.63977, 
16.919,0.53865, 
16.943,0.42835, 
16.968,0.01838, 
16.992,-0.42283, 
17.017,-0.54785, 
17.041,-0.47431, 
17.065,-0.24083, 
17.09,0.04964, 
17.114,0.28128, 
17.139,0.21693, 
17.163,-0.08824, 
17.188,-0.36768, 
17.212,-0.3971, 
17.236,-0.3732, 
17.261,-0.23899, 
17.285,-0.05331, 
17.31,0.06251, 
17.334,0.09744, 
17.358,-0.06434, 
17.383,-0.28679, 
17.407,-0.45041, 
17.432,-0.51108, 
17.456,-0.26289, 
17.48,-0.00919, 
17.505,0.1195, 
17.529,0.08641, 
17.554,-0.03861, 
17.578,-0.25554, 
17.603,-0.30518, 
17.627,-0.03309, 
17.651,0.25922, 
17.676,0.52762, 
17.7,0.68389, 
17.725,0.66734, 
17.749,0.50924, 
17.773,0.26657, 
17.798,0.08089, 
17.822,0.00919, 
17.847,0.11582, 
17.871,0.26841, 
17.896,0.35297, 
17.92,0.36033, 
17.944,0.2298, 
17.969,-0.05883, 
17.993,-0.09376, 
18.018,0.00368, 
18.042,0.09008, 
18.066,0.18568, 
18.091,0.21326, 
18.115,0.15259, 
18.14,0.00735, 
18.164,-0.19487, 
18.188,-0.24635, 
18.213,-0.10479, 
18.237,-0.03309, 
18.262,-0.05148, 
18.286,-0.01287, 
18.311,-0.04964, 
18.335,-0.01471, 
18.359,0.0478, 
18.384,0.08824, 
18.408,0.05699, 
18.433,0.36768, 
18.457,0.24451, 
18.481,0.40445, 
18.506,0.29047, 
18.53,0.55152, 
18.555,0.64896, 
18.579,0.59564, 
18.604,0.67653, 
18.628,0.48902, 
18.652,0.17097, 
18.677,-0.26657, 
18.701,-0.45409, 
18.726,-0.41732, 
18.75,-0.23532, 
18.774,-0.15994, 
18.799,0.03861, 
18.823,0.12133, 
18.848,0.01655, 
18.872,-0.18384, 
18.896,-0.52578, 
18.921,-0.59197, 
18.945,-0.59013, 
18.97,-0.44857, 
18.994,-0.24635, 
19.019,0.15075, 
19.043,0.20958, 
19.067,-0.04596, 
19.092,-0.24083, 
19.116,-0.364, 
19.141,-0.24819, 
19.165,-0.21693, 
19.189,-0.00552, 
19.214,0.23532, 
19.238,0.40813, 
19.263,0.52946, 
19.287,0.46144, 
19.312,0.19855, 
19.336,0.08824, 
19.36,0.0956, 
19.385,0, 
19.409,0.15626, 
19.434,0.26105, 
19.458,0.32172, 
19.482,0.11398, 
19.507,-0.19119, 
19.531,-0.39526, 
19.556,-0.63425, 
19.58,-0.75559, 
19.604,-0.58094, 
19.629,-0.34378, 
19.653,-0.13237, 
19.678,0.00919, 
19.702,0.12685, 
19.727,0.24083, 
19.751,-0.04044, 
19.775,-0.23715, 
19.8,-0.31621, 
19.824,-0.27392, 
19.849,-0.17649, 
19.873,-0.17833, 
19.897,-0.1195, 
19.922,0.01287, 
19.946,0.0478, 
19.971,-0.15626, 
19.995,-0.11214, 
20.02,0.02941, 
20.044,0.09376, 
20.068,0.03861, 
20.093,0.02022, 
20.117,0.19487, 
20.142,0.28311, 
20.166,0.41364, 
20.19,0.63241, 
20.215,0.68756, 
20.239,0.54049, 
20.264,0.37871, 
20.288,0.21509, 
20.313,0.01655, 
20.337,-0.17465, 
20.361,-0.12317, 
20.386,-0.07537, 
20.41,0.09192, 
20.435,0.26841, 
20.459,0.17833, 
20.483,-0.10111, 
20.508,-0.2537, 
20.532,-0.3493, 
20.557,-0.5074, 
20.581,-0.55888, 
20.605,-0.40261, 
20.63,-0.32908, 
20.654,-0.26657, 
20.679,-0.3732, 
20.703,-0.33827, 
20.728,-0.34562, 
20.752,-0.36033, 
20.776,-0.28863, 
20.801,-0.14891, 
20.825,-0.09376, 
20.85,0.14707, 
20.874,0.22612, 
20.898,0.36768, 
20.923,0.49269, 
20.947,0.5074, 
20.972,0.29966, 
20.996,0.18568, 
21.021,0.21877, 
21.045,0.36952, 
21.069,0.40445, 
21.094,0.52946, 
21.118,0.61771, 
21.143,0.59381, 
21.167,0.51659, 
21.191,0.29047, 
21.216,0.11398, 
21.24,-0.03309, 
21.265,-0.02206, 
21.289,0.01287, 
21.313,0.00184, 
21.338,-0.12317, 
21.362,-0.23532, 
21.387,-0.37504, 
21.411,-0.3971, 
21.436,-0.38974, 
21.46,-0.39342, 
21.484,-0.35481, 
21.509,-0.30518, 
21.533,-0.21877, 
21.558,-0.22612, 
21.582,-0.25186, 
21.606,-0.23348, 
21.631,-0.27208, 
21.655,-0.14891, 
21.68,-0.15994, 
21.704,-0.08273, 
21.729,-0.06251, 
21.753,-0.02574, 
21.777,0.01838, 
21.802,0.05148, 
21.826,0.15075, 
21.851,0.31069, 
21.875,0.41732, 
21.899,0.52027, 
21.924,0.54785, 
21.948,0.48166, 
21.973,0.4357, 
21.997,0.26105, 
22.021,0.15626, 
22.046,0.06067, 
22.07,-0.09008, 
22.095,-0.35114, 
22.119,-0.56255, 
22.144,-0.62874, 
22.168,-0.75007, 
22.192,-0.74272, 
22.217,-0.65263, 
22.241,-0.45409, 
22.266,-0.28311, 
22.29,-0.22796, 
22.314,-0.34378, 
22.339,-0.42467, 
22.363,-0.46144, 
22.388,-0.37687, 
22.412,-0.10847, 
22.437,0.2537, 
22.461,0.78316, 
22.485,0.66367, 
22.51,-0.0956, 
22.534,-0.3732, 
22.559,-0.68756, 
22.583,-1.081, 
22.607,-1.1398, 
22.632,-0.24635, 
22.656,0.85486, 
22.681,1.8991, 
22.705,2.7723, 
22.729,2.7484, 
22.754,1.8991, 
22.778,0.39893, 
22.803,-0.67837, 
22.827,-1.138, 
22.852,-0.90266, 
22.876,-0.1434, 
22.9,0.94494, 
22.925,1.9506, 
22.949,2.105, 
22.974,1.3678, 
22.998,0.10111, 
23.022,-0.69676, 
23.047,-0.88427, 
23.071,-0.58094, 
23.096,0.03493, 
23.12,0.61035, 
23.145,0.9909, 
23.169,0.84751, 
23.193,0.40261, 
23.218,-0.43938, 
23.242,-0.89898, 
23.267,-0.63977, 
23.291,-0.47615, 
23.315,-0.45409, 
23.34,-0.55336, 
23.364,-0.40077, 
23.389,-0.40997, 
23.413,-0.22061, 
23.438,0.182, 
23.462,0.54417, 
23.486,0.88795, 
23.511,1.0847, 
23.535,1.1784, 
23.56,0.95597, 
23.584,0.50189, 
23.608,-0.01838, 
23.633,-0.34011, 
23.657,-0.27025, 
23.682,-0.1342, 
23.706,0.0956, 
23.73,0.182, 
23.755,0.31621, 
23.779,0.15259, 
23.804,-0.05883, 
23.828,-0.36768, 
23.853,-0.58829, 
23.877,-0.84015, 
23.901,-0.98723, 
23.926,-0.9909, 
23.95,-0.98539, 
23.975,-0.93759, 
23.999,-0.87141, 
24.023,-0.83648, 
24.048,-0.88979, 
24.072,-0.92104, 
24.097,-0.98355, 
24.121,-1.0038, 
24.146,-0.83831, 
24.17,-0.46144, 
24.194,-0.32356, 
24.219,-0.09192, 
24.243,0.16362, 
24.268,0.06802, 
24.292,0.00184, 
24.316,-0.10295, 
24.341,0.00735, 
24.365,0.15994, 
24.39,0.15443, 
24.414,0.13053, 
24.438,0.2059, 
24.463,0.43203, 
24.487,0.60484, 
24.512,0.83464, 
24.536,1.0111, 
24.561,0.9909, 
24.585,0.87324, 
24.609,0.67837, 
24.634,0.47799, 
24.658,0.30334, 
24.683,0.28128, 
24.707,0.31253, 
24.731,0.27392, 
24.756,0.12685, 
24.78,-0.15075, 
24.805,-0.41916, 
24.829,-0.48718, 
24.854,-0.3254, 
24.878,-0.04044, 
24.902,0.26289, 
24.927,0.4357, 
24.951,0.61587, 
24.976,0.4357, 
25,0.12685, 
25.024,-0.15994, 
25.049,-0.31621, 
25.073,-0.26841, 
25.098,-0.20958, 
25.122,0.03677, 
25.146,0.29415, 
25.171,0.46879, 
25.195,0.51659, 
25.22,0.5074, 
25.244,0.57358, 
25.269,0.53865, 
25.293,0.603, 
25.317,0.78868, 
25.342,0.89347, 
25.366,0.93207, 
25.391,0.92656, 
25.415,0.68205, 
25.439,0.43203, 
25.464,0.09744, 
25.488,-0.32908, 
25.513,-0.54233, 
25.537,-0.48718, 
25.562,-0.29231, 
25.586,-0.14891, 
25.61,-0.00368, 
25.635,-0.04228, 
25.659,-0.14156, 
25.684,-0.17097, 
25.708,-0.29782, 
25.732,-0.38607, 
25.757,-0.38974, 
25.781,-0.36952, 
25.806,-0.34194, 
25.83,-0.46879, 
25.854,-0.60851, 
25.879,-0.58461, 
25.903,-0.43019, 
25.928,-0.17097, 
25.952,0.16546, 
25.977,0.3254, 
26.001,0.5074, 
26.025,0.60667, 
26.05,0.69308, 
26.074,0.75926, 
26.099,0.72433, 
26.123,0.78132, 
26.147,0.85486, 
26.172,0.9284, 
26.196,0.85854, 
26.221,0.72249, 
26.245,0.56255, 
26.27,0.43386, 
26.294,0.28128, 
26.318,0.03309, 
26.343,-0.01838, 
26.367,0.05883, 
26.392,0.1673, 
26.416,0.32356, 
26.44,0.34378, 
26.465,0.15994, 
26.489,0.04044, 
26.514,-0.14891, 
26.538,-0.29782, 
26.563,-0.44489, 
26.587,-0.51292, 
26.611,-0.50005, 
26.636,-0.59381, 
26.66,-0.67837, 
26.685,-0.84934, 
26.709,-0.8089, 
26.733,-0.63241, 
26.758,-0.52578, 
26.782,-0.2537, 
26.807,-0.08273, 
26.831,-0.01287, 
26.855,0.10479, 
26.88,0.18568, 
26.904,0.18936, 
26.929,0.11766, 
26.953,0.16546, 
26.978,0.24635, 
27.002,0.23715, 
27.026,0.18568, 
27.051,-0.02574, 
27.075,-0.11214, 
27.1,-0.08824, 
27.124,-0.18016, 
27.148,-0.13972, 
27.173,-0.11582, 
27.197,-0.00919, 
27.222,-0.04044, 
27.246,-0.12869, 
27.271,-0.30701, 
27.295,-0.5552, 
27.319,-0.77397, 
27.344,-0.72985, 
27.368,-0.68756, 
27.393,-0.63425, 
27.417,-0.54601, 
27.441,-0.55704, 
27.466,-0.49821, 
27.49,-0.51843, 
27.515,-0.54601, 
27.539,-0.47063, 
27.563,-0.23715, 
27.588,0.09192, 
27.612,0.21693, 
27.637,0.40813, 
27.661,0.40077, 
27.686,0.45593, 
27.71,0.49637, 
27.734,0.45041, 
27.759,0.46144, 
27.783,0.46879, 
27.808,0.56255, 
27.832,0.66918, 
27.856,0.73169, 
27.881,0.73904, 
27.905,0.61035, 
27.93,0.60851, 
27.954,0.5791, 
27.979,0.55888, 
28.003,0.66734, 
28.027,0.81074, 
28.052,0.87692, 
28.076,0.72985, 
28.101,0.51108, 
28.125,0.18384, 
28.149,-0.31988, 
28.174,-0.64712, 
28.198,-0.62138, 
28.223,-0.53314, 
28.247,-0.31437, 
28.271,-0.22612, 
28.296,-0.17097, 
28.32,-0.15626, 
28.345,-0.2298, 
28.369,-0.38239, 
28.394,-0.40997, 
28.418,-0.19671, 
28.442,0.04964, 
28.467,0.16362, 
28.491,0.3971, 
28.516,0.56807, 
28.54,0.63609, 
28.564,0.60667, 
28.589,0.40813, 
28.613,0.26289, 
28.638,0.1195, 
28.662,0.13053, 
28.687,0.26657, 
28.711,0.39158, 
28.735,0.4118, 
28.76,0.31253, 
28.784,0.35849, 
28.809,0.30701, 
28.833,0.09192, 
28.857,-0.1195, 
28.882,-0.25922, 
28.906,-0.25738, 
28.931,-0.18384, 
28.955,-0.25738, 
28.979,-0.30518, 
29.004,-0.3493, 
29.028,-0.37136, 
29.053,-0.37687, 
29.077,-0.39158, 
29.102,-0.26473, 
29.126,-0.18936, 
29.15,-0.21693, 
29.175,-0.29598, 
29.199,-0.364, 
29.224,-0.3732, 
29.248,-0.39893, 
29.272,-0.31621, 
29.297,-0.11582, 
29.321,0.04412, 
29.346,0.1434, 
29.37,0.23899, 
29.395,0.24819, 
29.419,0.27944, 
29.443,0.31069, 
29.468,0.46328, 
29.492,0.52578, 
29.517,0.63609, 
29.541,0.68021, 
29.565,0.59381, 
29.59,0.60116, 
29.614,0.69676, 
29.639,0.74639, 
29.663,0.82177, 
29.688,0.84199, 
29.712,0.73352, 
29.736,0.42835, 
29.761,0.2059, 
29.785,0.05883, 
29.81,-0.02941, 
29.834,0.11398, 
29.858,0.23164, 
29.883,0.3879, 
29.907,0.56071, 
29.932,0.30334, 
29.956,-0.00368, 
29.98,-0.43938, 
30.005,-0.74823, 
30.029,-1.4009, 
30.054,-1.7373, 
30.078,-1.3071, 
30.103,-0.66918, 
30.127,-0.26657, 
30.151,-0.05148, 
30.176,-0.06802, 
30.2,0.38607, 
30.225,0.60851, 
30.249,0.70043, 
30.273,0.14707, 
30.298,-0.38974, 
30.322,-0.49821, 
30.347,0.06986, 
30.371,0.85486, 
30.396,1.1288, 
30.42,1.467, 
30.444,1.456, 
30.469,1.0534, 
30.493,0.06986, 
30.518,-1.2556, 
30.542,-1.9083, 
30.566,-1.627, 
30.591,-0.53498, 
30.615,0.22429, 
30.64,0.65263, 
30.664,0.69492, 
30.688,0.6416, 
30.713,0.51659, 
30.737,0.20039, 
30.762,-0.06986, 
30.786,-0.1673, 
30.811,0.12317, 
30.835,0.0239, 
30.859,-0.49086, 
30.884,-0.83096, 
30.908,-0.65631, 
30.933,-0.27944, 
30.957,-0.06618, 
30.981,-0.17281, 
31.006,-0.33459, 
31.03,-0.46696, 
31.055,-0.55336, 
31.079,-0.39526, 
31.104,0.03125, 
31.128,0.59564, 
31.152,1.0185, 
31.177,1.0589, 
31.201,0.72433, 
31.226,0.19303, 
31.25,-0.10111, 
31.274,-0.16546, 
31.299,0.23899, 
31.323,0.61219, 
31.348,0.83648, 
31.372,0.86589, 
31.396,0.43386, 
31.421,-0.1195, 
31.445,-0.52027, 
31.47,-0.63425, 
31.494,-0.38607, 
31.519,0.04412, 
31.543,0.25554, 
31.567,0.1581, 
31.592,0.05148, 
31.616,-0.26473, 
31.641,-0.6655, 
31.665,-0.84751, 
31.689,-0.74088, 
31.714,-0.43019, 
31.738,-0.18384, 
31.763,-0.16913, 
31.787,-0.16178, 
31.812,-0.1103, 
31.836,-0.14707, 
31.86,-0.19119, 
31.885,-0.15994, 
31.909,0.15443, 
31.934,0.38055, 
31.958,0.34011, 
31.982,0.19303, 
32.007,-0.01655, 
32.031,-0.10111, 
32.056,-0.26473, 
32.08,-0.31804, 
32.104,-0.2298, 
32.129,0.02022, 
32.153,0.26841, 
32.178,0.50556, 
32.202,0.63057, 
32.227,0.5791, 
32.251,0.4596, 
32.275,0.28311, 
32.3,0.0478, 
32.324,-0.11398, 
32.349,-0.17649, 
32.373,-0.23899, 
32.397,-0.09008, 
32.422,0.11214, 
32.446,0.08824, 
32.471,0.01838, 
32.495,-0.13972, 
32.52,-0.09192, 
32.544,-0.21693, 
32.568,-0.37871, 
32.593,-0.33827, 
32.617,-0.17281, 
32.642,0.03125, 
32.666,0.18384, 
32.69,0.3971, 
32.715,0.53865, 
32.739,0.63977, 
32.764,0.64528, 
32.788,0.5313, 
32.813,0.34562, 
32.837,0.10295, 
32.861,0.0239, 
32.886,0.13604, 
32.91,0.32172, 
32.935,0.53865, 
32.959,0.75742, 
32.983,0.75375, 
33.008,0.68389, 
33.032,0.39342, 
33.057,0.20039, 
33.081,0.0717, 
33.105,0.08824, 
33.13,0.20039, 
33.154,0.19671, 
33.179,0.1673, 
33.203,0.0717, 
33.228,-0.04964, 
33.252,-0.1103, 
33.276,-0.19855, 
33.301,-0.34011, 
33.325,-0.43938, 
33.35,-0.51108, 
33.374,-0.47615, 
33.398,-0.46879, 
33.423,-0.46328, 
33.447,-0.32724, 
33.472,-0.182, 
33.496,-0.02206, 
33.521,-0.02206, 
33.545,-0.04596, 
33.569,-0.16178, 
33.594,-0.30518, 
33.618,-0.25002, 
33.643,-0.2776, 
33.667,-0.26657, 
33.691,-0.16362, 
33.716,-0.07905, 
33.74,-0.09927, 
33.765,-0.22612, 
33.789,-0.21877, 
33.813,-0.04412, 
33.838,0.09744, 
33.862,0.19303, 
33.887,0.25738, 
33.911,0.33827, 
33.936,0.38423, 
33.96,0.3732, 
33.984,0.39526, 
34.009,0.18568, 
34.033,0.03493, 
34.058,-0.06434, 
34.082,-0.1195, 
34.106,-0.07354, 
34.131,-0.1195, 
34.155,-0.06434, 
34.18,-0.05515, 
34.204,-0.06986, 
34.229,-0.10847, 
34.253,-0.26841, 
34.277,-0.33459, 
34.302,-0.21509, 
34.326,-0.02941, 
34.351,0.19671, 
34.375,0.38607, 
34.399,0.43386, 
34.424,0.47982, 
34.448,0.41364, 
34.473,0.45776, 
34.497,0.42651, 
34.521,0.31804, 
34.546,0.28311, 
34.57,0.24451, 
34.595,0.21142, 
34.619,0.21693, 
34.644,0.31621, 
34.668,0.39158, 
34.692,0.38974, 
34.717,0.51108, 
34.741,0.54785, 
34.766,0.51108, 
34.79,0.4357, 
34.814,0.37687, 
34.839,0.23715, 
34.863,-0.04228, 
34.888,-0.23348, 
34.912,-0.4357, 
34.937,-0.47063, 
34.961,-0.43203, 
34.985,-0.37687, 
35.01,-0.22061, 
35.034,-0.16913, 
35.059,-0.12501, 
35.083,-0.08089, 
35.107,-0.17281, 
35.132,-0.18936, 
35.156,-0.17097, 
35.181,-0.10847, 
35.205,-0.21693, 
35.229,-0.12685, 
35.254,0.05331, 
35.278,0.20406, 
35.303,0.15075, 
35.327,0.05699, 
35.352,0.06618, 
35.376,0.01287, 
35.4,-0.07905, 
35.425,-0.17281, 
35.449,-0.24083, 
35.474,-0.2059, 
35.498,-0.17281, 
35.522,-0.03493, 
35.547,0.00184, 
35.571,0.11214, 
35.596,0.22612, 
35.62,0.31437, 
35.645,0.38607, 
35.669,0.41916, 
35.693,0.39893, 
35.718,0.29966, 
35.742,0.25186, 
35.767,0.22245, 
35.791,0.11766, 
35.815,0.04596, 
35.84,-0.01103, 
35.864,0.00184, 
35.889,0.03493, 
35.913,-0.00184, 
35.938,-0.05148, 
35.962,-0.02758, 
35.986,-0.04412, 
36.011,-0.08457, 
36.035,-0.11582, 
36.06,-0.08457, 
36.084,0.01655, 
36.108,0.07721, 
36.133,0.14707, 
36.157,0.12501, 
36.182,0.09376, 
36.206,0.00368, 
36.23,-0.04044, 
36.255,-0.06986, 
36.279,-0.17465, 
36.304,-0.19855, 
36.328,-0.12685, 
36.353,-0.00919, 
36.377,-0.00919, 
36.401,-0.13237, 
36.426,-0.09192, 
36.45,-0.11766, 
36.475,-0.18568, 
36.499,-0.21509, 
36.523,-0.17097, 
36.548,-0.10295, 
36.572,-0.12501, 
36.597,-0.17649, 
36.621,-0.15443, 
36.646,-0.20774, 
36.67,-0.31437, 
36.694,-0.50005, 
36.719,-0.42835, 
36.743,-0.34378, 
36.768,-0.28311, 
36.792,-0.19303, 
36.816,-0.13788, 
36.841,-0.17281, 
36.865,-0.25002, 
36.89,-0.3015, 
36.914,-0.33091, 
36.938,-0.17465, 
36.963,-0.05331, 
36.987,0.04964, 
37.012,0.09927, 
37.036,0.22429, 
37.061,0.25554, 
37.085,0.21509, 
37.109,0.25002, 
37.134,0.27025, 
37.158,0.26841, 
37.183,0.16546, 
37.207,0.05148, 
37.231,-0.07354, 
37.256,-0.22429, 
37.28,-0.11766, 
37.305,0.05331, 
37.329,0.27208, 
37.354,0.5791, 
37.378,0.80522, 
37.402,0.86589, 
37.427,0.80522, 
37.451,0.85302, 
37.476,0.8806, 
37.5,0.79052, 
37.524,0.78316, 
37.549,0.62138, 
37.573,0.28128, 
37.598,-0.14156, 
37.622,-0.50005, 
37.646,-0.55704, 
37.671,-0.26473, 
37.695,0.08273, 
37.72,0.5791, 
37.744,0.41548, 
37.769,0.31253, 
37.793,-0.06067, 
37.817,-0.4118, 
37.842,-0.47982, 
37.866,-0.34011, 
37.891,0.20958, 
37.915,0.63241, 
37.939,0.70227, 
37.964,0.62138, 
37.988,0.35849, 
38.013,-0.08824, 
38.037,-0.37871, 
38.062,-0.87508, 
38.086,-1.3347, 
38.11,-1.2575, 
38.135,-1.0442, 
38.159,-0.75007, 
38.184,-0.57726, 
38.208,-0.17649, 
38.232,-0.12869, 
38.257,-0.27944, 
38.281,-0.39342, 
38.306,-0.45041, 
38.33,-0.32724, 
38.354,-0.22796, 
38.379,0.27025, 
38.403,0.77949, 
38.428,0.76662, 
38.452,0.29782, 
38.477,-0.41732, 
38.501,-1.0313, 
38.525,-1.5755, 
38.55,-1.7428, 
38.574,-1.1545, 
38.599,-0.3879, 
38.623,0.24267, 
38.647,0.2298, 
38.672,-0.26473, 
38.696,-0.85302, 
38.721,-1.3659, 
38.745,-1.2814, 
38.77,-0.65815, 
38.794,0.53314, 
38.818,1.5829, 
38.843,1.7704, 
38.867,1.0902, 
38.892,0.04044, 
38.916,-0.967, 
38.94,-1.4928, 
38.965,-1.138, 
38.989,-0.02574, 
39.014,0.89714, 
39.038,1.206, 
39.063,1.0755, 
39.087,0.45593, 
39.111,-0.25554, 
39.136,-0.58278, 
39.16,-0.37504, 
39.185,0.16546, 
39.209,0.64712, 
39.233,0.8089, 
39.258,0.55888, 
39.282,0.13788, 
39.307,-0.20406, 
39.331,-0.58094, 
39.355,-0.60851, 
39.38,-0.19671, 
39.404,0.32724, 
39.429,0.64344, 
39.453,0.49821, 
39.478,0.16913, 
39.502,-0.29598, 
39.526,-0.55888, 
39.551,-0.59381, 
39.575,-0.3971, 
39.6,0.18936, 
39.624,0.59932, 
39.648,0.75375, 
39.673,0.603, 
39.697,0.23715, 
39.722,-0.23164, 
39.746,-0.81074, 
39.771,-1.0001, 
39.795,-0.73904, 
39.819,-0.36033, 
39.844,-0.03493, 
39.868,0.17649, 
39.893,0.32724, 
39.917,0.29598, 
39.941,0.03677, 
39.966,-0.12869, 
39.99,-0.14523, 
40.015,-0.0239, 
40.039,0.00552, 
40.063,-0.05699, 
40.088,-0.0239, 
40.112,0.21326, 
40.137,0.39342, 
40.161,0.36952, 
40.186,0.34378, 
40.21,0.46879, 
40.234,0.4357, 
40.259,0.19671, 
40.283,-0.03861, 
40.308,-0.15626, 
40.332,-0.13604, 
40.356,-0.26289, 
40.381,-0.27025, 
40.405,-0.01287, 
40.43,0.18568, 
40.454,0.1103, 
40.479,-0.1673, 
40.503,-0.26657, 
40.527,-0.26105, 
40.552,-0.3493, 
40.576,-0.37136, 
40.601,-0.20222, 
40.625,0.01655, 
40.649,0.22429, 
40.674,0.20406, 
40.698,0.22796, 
40.723,0.27944, 
40.747,0.29598, 
40.771,0.3732, 
40.796,0.40261, 
40.82,0.33459, 
40.845,0.2537, 
40.869,0.20222, 
40.894,0.19855, 
40.918,0.27025, 
40.942,0.29047, 
40.967,0.10847, 
40.991,0.00735, 
41.016,0.0956, 
41.04,0.09192, 
41.064,-0.10111, 
41.089,-0.12869, 
41.113,0.02941, 
41.138,0.22245, 
41.162,0.11766, 
41.187,0.02574, 
41.211,-0.11214, 
41.235,-0.28495, 
41.26,-0.47063, 
41.284,-0.54601, 
41.309,-0.46328, 
41.333,-0.16178, 
41.357,-0.06802, 
41.382,-0.04228, 
41.406,-0.07721, 
41.431,-0.22796, 
41.455,-0.40261, 
41.479,-0.48534, 
41.504,-0.47247, 
41.528,-0.22245, 
41.553,-0.01287, 
41.577,0.24451, 
41.602,0.40629, 
41.626,0.45593, 
41.65,0.13237, 
41.675,-0.17833, 
41.699,-0.35849, 
41.724,-0.39893, 
41.748,-0.34011, 
41.772,-0.11582, 
41.797,0.09927, 
41.821,0.2059, 
41.846,0.27208, 
41.87,0.44122, 
41.895,0.3015, 
41.919,0.13237, 
41.943,0.18752, 
41.968,0.20958, 
41.992,0.25002, 
42.017,0.23164, 
42.041,0.16913, 
42.065,-0.01471, 
42.09,-0.19855, 
42.114,-0.34746, 
42.139,-0.48902, 
42.163,-0.49453, 
42.188,-0.42651, 
42.212,-0.31988, 
42.236,-0.15075, 
42.261,-0.19303, 
42.285,-0.29782, 
42.31,-0.29415, 
42.334,-0.2059, 
42.358,-0.15626, 
42.383,-0.13604, 
42.407,-0.00735, 
42.432,0.20406, 
42.456,0.29782, 
42.48,0.37687, 
42.505,0.32356, 
42.529,0.18568, 
42.554,0.02206, 
42.578,-0.10663, 
42.603,-0.16913, 
42.627,-0.30518, 
42.651,-0.38239, 
42.676,-0.39526, 
42.7,-0.18016, 
42.725,0.07354, 
42.749,0.19303, 
42.773,0.25738, 
42.798,0.21142, 
42.822,0.18384, 
42.847,-0.05331, 
42.871,-0.34194, 
42.896,-0.421, 
42.92,-0.42835, 
42.944,-0.46328, 
42.969,-0.47799, 
42.993,-0.4835, 
43.018,-0.48534, 
43.042,-0.61771, 
43.066,-0.86038, 
43.091,-0.8806, 
43.115,-0.78132, 
43.14,-0.69308, 
43.164,-0.60667, 
43.188,-0.37504, 
43.213,-0.00735, 
43.237,0.31069, 
43.262,0.45593, 
43.286,0.32172, 
43.311,0.22245, 
43.335,0.27208, 
43.359,0.16362, 
43.384,0.05515, 
43.408,0.05331, 
43.433,0.05515, 
43.457,0.15259, 
43.481,0.21693, 
43.506,0.18568, 
43.53,-0.02206, 
43.555,-0.09927, 
43.579,0.04964, 
43.604,0.06986, 
43.628,0.11766, 
43.652,0.26841, 
43.677,0.45409, 
43.701,0.53865, 
43.726,0.52395, 
43.75,0.38974, 
43.774,0.06618, 
43.799,-0.16913, 
43.823,-0.26657, 
43.848,-0.40813, 
43.872,-0.36217, 
43.896,-0.29415, 
43.921,-0.21142, 
43.945,-0.12501, 
43.97,-0.15259, 
43.994,-0.23164, 
44.019,-0.34378, 
44.043,-0.32724, 
44.067,-0.21693, 
44.092,-0.08273, 
44.116,0.1195, 
44.141,0.16362, 
44.165,0.21509, 
44.189,0.12685, 
44.214,-0.08273, 
44.238,-0.24083, 
44.263,-0.2537, 
44.287,-0.25922, 
44.312,-0.2537, 
44.336,-0.17281, 
44.36,0.02574, 
44.385,0.11214, 
44.409,0.20222, 
44.434,0.34194, 
44.458,0.54233, 
44.482,0.70411, 
44.507,0.63241, 
44.531,0.54417, 
44.556,0.42651, 
44.58,0.13788, 
44.604,-0.08089, 
44.629,-0.39893, 
44.653,-0.56623, 
44.678,-0.42467, 
44.702,-0.39342, 
44.727,-0.3493, 
44.751,-0.36217, 
44.775,-0.37136, 
44.8,-0.56071, 
44.824,-0.81993, 
44.849,-0.79235, 
44.873,-0.60851, 
44.897,-0.36033, 
44.922,-0.04412, 
44.946,0.42467, 
44.971,0.65447, 
44.995,0.62322, 
45.02,0.45409, 
45.044,0.06986, 
45.068,-0.39893, 
45.093,-0.68205, 
45.117,-0.73352, 
45.142,-0.52946, 
45.166,-0.25186, 
45.19,0.19119, 
45.215,0.72433, 
45.239,1.0148, 
45.264,1.4211, 
45.288,1.0589, 
45.313,0.07354, 
45.337,-0.2059, 
45.361,-0.52946, 
45.386,-1.1527, 
45.41,-1.3843, 
45.435,-0.68573, 
45.459,0.4596, 
45.483,1.5553, 
45.508,1.4045, 
45.532,0.5313, 
45.557,-0.44306, 
45.581,-1.5369, 
45.605,-2.3458, 
45.63,-2.5462, 
45.654,-1.5976, 
45.679,0.05699, 
45.703,1.3917, 
45.728,2.1307, 
45.752,1.9616, 
45.776,0.86038, 
45.801,-0.76478, 
45.825,-1.8972, 
45.85,-1.9634, 
45.874,-1.0975, 
45.898,0.31988, 
45.923,1.3457, 
45.947,1.7502, 
45.972,1.2667, 
45.996,0.11214, 
46.021,-1.2152, 
46.045,-1.9267, 
46.069,-1.2556, 
46.094,0.10663, 
46.118,1.3439, 
46.143,2.0866, 
46.167,2.0333, 
46.191,1.0755, 
46.216,-0.42283, 
46.24,-1.6766, 
46.265,-2.1399, 
46.289,-1.8182, 
46.313,-1.081, 
46.338,-0.05883, 
46.362,0.60484, 
46.387,0.68205, 
46.411,0.09008, 
46.436,-0.69308, 
46.46,-1.0626, 
46.484,-0.91369, 
46.509,-0.66183, 
46.533,-0.49086, 
46.558,0.09192, 
46.582,0.47063, 
46.606,0.32724, 
46.631,-0.17833, 
46.655,-0.61954, 
46.68,-0.63609, 
46.704,-0.603, 
46.729,-0.35481, 
46.753,0.02941, 
46.777,0.19487, 
46.802,0.07721, 
46.826,-0.05515, 
46.851,0.02022, 
46.875,0.15075, 
46.899,0.33459, 
46.924,0.62322, 
46.948,0.86221, 
46.973,0.93391, 
46.997,0.57358, 
47.021,-0.19855, 
47.046,-0.70227, 
47.07,-0.75007, 
47.095,-0.43938, 
47.119,0.08273, 
47.144,0.55336, 
47.168,0.89898, 
47.192,0.87324, 
47.217,0.58278, 
47.241,0.15075, 
47.266,-0.33275, 
47.29,-0.54601, 
47.314,-0.42283, 
47.339,-0.15626, 
47.363,0.1195, 
47.388,0.11582, 
47.412,-0.19487, 
47.437,-0.8328, 
47.461,-1.3273, 
47.485,-1.4248, 
47.51,-1.1104, 
47.534,-0.59932, 
47.559,-0.06618, 
47.583,0.35297, 
47.607,0.44122, 
47.632,0.23348, 
47.656,-0.03125, 
47.681,-0.28128, 
47.705,-0.39526, 
47.729,-0.18384, 
47.754,0.12501, 
47.778,0.43203, 
47.803,0.43019, 
47.827,0.17281, 
47.852,-0.23164, 
47.876,-0.45041, 
47.9,-0.603, 
47.925,-0.785, 
47.949,-0.73536, 
47.974,-0.42835, 
47.998,-0.34746, 
48.022,-0.35297, 
48.047,-0.43938, 
48.071,-0.40629, 
48.096,-0.43938, 
48.12,-0.60484, 
48.145,-0.82361, 
48.169,-0.81809, 
48.193,-0.72985, 
48.218,-0.64896, 
48.242,-0.50005, 
48.267,-0.23532, 
48.291,-0.05148, 
48.315,-0.08641, 
48.34,-0.0478, 
48.364,-0.12317, 
48.389,-0.1434, 
48.413,-0.22061, 
48.438,-0.33275, 
48.462,-0.24083, 
48.486,-0.12317, 
48.511,0.1195, 
48.535,0.08457, 
48.56,-0.02574, 
48.584,0.00184, 
48.608,0.11582, 
48.633,0.16362, 
48.657,0.1103, 
48.682,0.16546, 
48.706,0.11766, 
48.73,-0.04964, 
48.755,-0.22245, 
48.779,-0.3015, 
48.804,-0.30334, 
48.828,-0.10663, 
48.853,0.17097, 
48.877,0.22612, 
48.901,0.2537, 
48.926,0.12317, 
48.95,-0.01655, 
48.975,-0.16546, 
48.999,-0.16362, 
49.023,-0.16546, 
49.048,-0.12685, 
49.072,0.14156, 
49.097,0.24635, 
49.121,0.10111, 
49.146,-0.20039, 
49.17,-0.4596, 
49.194,-0.57358, 
49.219,-0.56623, 
49.243,-0.37687, 
49.268,-0.2298, 
49.292,-0.0239, 
49.316,0.29231, 
49.341,0.43019, 
49.365,0.35665, 
49.39,0.1673, 
49.414,0.02941, 
49.438,0.0239, 
49.463,0.14156, 
49.487,0.36033, 
49.512,0.44306, 
49.536,0.36033, 
49.561,0.24267, 
49.585,0.07721, 
49.609,-0.10479, 
49.634,-0.34011, 
49.658,-0.52946, 
49.683,-0.52395, 
49.707,-0.36217, 
49.731,-0.18568, 
49.756,-0.09376, 
49.78,-0.04412, 
49.805,-0.0956, 
49.829,-0.26473, 
49.854,-0.44306, 
49.878,-0.57174, 
49.902,-0.56623, 
49.927,-0.47431, 
49.951,-0.31988, 
49.976,-0.02574, 
